全国地方公共団体コード,ID,地方公共団体名,名称,名称_カナ,名称_英字,医療機関の種類,所在地_全国地方公共団体コード,町字ID,所在地_連結表記,所在地_都道府県,所在地_市区町村,所在地_町字,所在地_番地以下,建物名等(方書),緯度,経度,高度の種別,高度の値,電話番号,内線番号,FAX番号,連絡先メールアドレス,連絡先FormURL,連絡先備考（その他、SNSなど）,郵便番号,法人番号,法人の名称,医療機関コード,診療曜日,診療開始時間,診療終了時間,診療日時特記事項,時間外における対応,診療科目,病床数,災害拠点分類,状況,URL,画像,画像_ライセンス,備考
402052,0000000001,福岡県飯塚市,あい内科・消化器科クリニック,アイナイカ・ショウカキカクリニック,,無床診療所,,,福岡県飯塚市菰田西1丁目6-24,,飯塚市,,,,33.627601,130.687754,,,0948-22-0703,,,,,,,,,,月火水木金土,09:00,17:30,"木土:午後休診
外来受付は月曜日より金曜日までの午前中は朝９時より１２時までで、木曜日と土曜日の午後は休診しています。午後の診療は月曜日より金曜日までは１４時３０分より１７時３０分です。お間違いの無いようにお願いいたします。診療科目名が変更になりました。内科、消化器科、呼吸器科→内科（肝臓、胃腸、消化器、呼吸器）",,内科（肝臓、胃腸、消化器、呼吸器）、リハビリテーション科、小児科、アレルギー科,0,,,https://www.ai-clinic.biz/,,,
402052,0000000002,福岡県飯塚市,あおぞら整形外科医院,アオゾラセイケイゲカイイン,,無床診療所,,,福岡県飯塚市上三緒445番地2,,飯塚市,,,,33.625805,130.71552,,,0948-26-5066,,,,,,,,,,月火水木金土,08:45,17:20,"土:午後休診
初めての方もご予約下さい。",,内科、整形外科、リハビリテーション科、リウマチ科,0,,,http://www.aozora-seikeigeka.com/,,,
402052,0000000003,福岡県飯塚市,青山医院,アオヤマイイン,,無床診療所,,,福岡県飯塚市高田972番地１,,飯塚市,,,,33.602539,130.637022,,,0948-22-6328,,,,,,,,,,月火水木金土,08:30,18:00,金土:午後休診,,内科、外科、小児科、消化器内科,0,,,,,,
402052,0000000004,福岡県飯塚市,青山外科医院,アオヤマゲカイイン,,無床診療所,,,福岡県飯塚市吉原町10-6,,飯塚市,,,,33.639957,130.686874,,,0948-22-0212,,,,,,,,,,月火金土日祝,09:00,17:00,火:午後休診,,外科、整形外科、皮膚科,0,,,http://www.aoyamageka.com/,,,
402052,0000000005,福岡県飯塚市,青山診療所,アオヤマシンリョウジョ,,無床診療所,,,福岡県飯塚市大分1448番地14,,飯塚市,,,,33.588374,130.632007,,,0948-72-0072,,,,,,,,,,火水,15:30,17:00,,,内科、小児科,0,,,,,,
402052,0000000006,福岡県飯塚市,（医）アガペ　こどもクリニックもりた,アガペコドモクリニックモリタ,,無床診療所,,,福岡県飯塚市横田649-10,,飯塚市,,,,33.645367,130.667138,,,0948-26-6650,,,,,,,,,,月火水金土,08:30,17:30,土:午後休診,,内科、小児科,0,,,https://clinic-morita.com/,,,
402052,0000000007,福岡県飯塚市,鰺坂皮膚科,アジサカヒフカ,,無床診療所,,,福岡県飯塚市菰田西２丁目7-33,,飯塚市,,,,33.630933,130.68895,,,0948-22-0236,,,,,,,,,,月火水木金土,09:00,17:00,木土:午後休診,,内科・皮膚科,0,,,,,,
402052,0000000008,福岡県飯塚市,麻生耳鼻咽喉科クリニック,アソウジビインコウカクリニック,,無床診療所,,,福岡県飯塚市堀池254-2,,飯塚市,,,,33.624134,130.682309,,,0948-28-1122,,,,,,,,,,月火水木金土,09:00,18:30,"火土:9:00-13:00、15:00-17:00
木:午後休診",,耳鼻咽喉科、気管食道科,0,,,https://www.aso-ent.or.jp/,,,
402052,0000000009,福岡県飯塚市,あまいろクリニック飯塚,アマイロクリニックイイヅカ,,無床診療所,,,福岡県飯塚市芳雄町19番34号　構木ビル2階,,飯塚市,,,,33.639191,130.692291,,,0948-80-1806,,,,,,,,,,月火水木金土,09:00,17:30,詳細はホームページをご覧ください。,,内科　　漢方内科,0,,,https://amairo-clinic.com/,,,
402052,0000000010,福岡県飯塚市,飯塚医師会診療所,イイヅカイシカイシンリョウジョ,,無床診療所,,,福岡県飯塚市吉原町1番1号サンメディック飯塚２階,,飯塚市,,,,33.64125,130.685908,,,0948-22-5622,,,,,,,,,,,,,,,内科、外科、放射線科,0,,,,,,
402052,0000000011,福岡県飯塚市,飯塚記念病院,イイヅカキネンビョウイン,,病院,,,福岡県飯塚市鶴三緒1452-2,,飯塚市,,,,33.625278,130.696363,,,0948-22-2316,,,,,,,,,,月火水木金,08:30,17:00,"内科:8:30-12:00、13:00-16:30
消化器内科:9:00-12:00、13:00-17:00
初診・再診ともに完全予約制です。初診の場合は必ず事前に電話予約をお願いします。",,内科、精神科、神経科、心療内科、歯科、腎内、消内、整形,400,,,https://www.iizukakinen.jp/,,,
402052,0000000012,福岡県飯塚市,飯塚急患センター,イイヅカキュウカンセンター,,無床診療所,,,福岡県飯塚市吉原町1番1号,,飯塚市,,,,33.64125,130.685908,,,0948-24-3399,,,,,,,,,,月火水木金土日祝,18:00,21:45,"平日:19:00-20:45
年末年始［12/31、1/1、1/2、1/3］ 14:00～17:30（受付17:15まで）、 18:00～22:00（受付21:45まで）",,内科、小児科,0,,,https://iizuka-med.or.jp/night/,,,
402052,0000000013,福岡県飯塚市,いいづかこども診療所,イイヅカコドモシンリョウジョ,,無床診療所,,,福岡県飯塚市吉原町537番地,,飯塚市,,,,33.642715,130.685409,,,0948-80-5630,,,,,,,,,,月火水木金土,09:00,17:30,,,小児科、アレルギー科、内科,0,,,http://www.iikodomo.com/,,,
402052,0000000014,福岡県飯塚市,飯塚市立病院,イイヅカシリツビョウイン,,病院,,,福岡県飯塚市弁分633番地1　　　　　　,,飯塚市,,,,33.61975383,130.6524302,,,0948-22-2980,,,,,,,,,,月火水木金土日祝,08:20,15:00,診療科によって予約制の有無、受付時間、診療時間が異なります。病院ホームページにてご確認ください。,,内科、外科、眼科、整形外科、脳神経外科、小児科、泌尿器科、麻酔科、脳神経内科、リハビリテーション科、耳鼻咽喉科、放射線科、皮膚科、呼吸器外科、乳腺外科、救急科,250,,,https://iizukacityhp.jp/,,,
402052,0000000015,福岡県飯塚市,飯塚腎クリニック,イイヅカジンクリニック,,有床診療所,,,福岡県飯塚市片島2丁目16-30,,飯塚市,,,,33.648877,130.683424,,,0948-21-8877,,,,,,,,,,月火水木金,09:00,18:00,"火水木:午後休診
再診は予約制です。火曜日、木曜日は新患のみです。",,内科、腎臓内科,12,,,,,,
402052,0000000016,福岡県飯塚市,いいづか内科クリニック,イイヅカナイカクリニック,,無床診療所,,,福岡県飯塚市楽市309-8,,飯塚市,,,,33.611639,130.678682,,,0948-29-1666,,,,,,,,,,月火水木金土,09:00,17:30,水土:午後休診,,内科、糖尿病内科,0,,,https://www.hayashidanaika-iizuka.jp/,,,
402052,0000000017,福岡県飯塚市,飯塚東耳鼻いんこう科,イイヅカヒガシジビインコウカ,,無床診療所,,,福岡県飯塚市柏の森1-46,,飯塚市,,,,33.645296,130.708519,,,0948-43-8191,,,,,,,,,,月火水木金土,09:00,18:00,"水:9:00-12:30
土:9:00-13:00",,耳鼻咽喉科,0,,,https://iizuka-cl.jp/,,,
402052,0000000018,福岡県飯塚市,飯塚病院,イイヅカビョウイン,,病院,,,福岡県飯塚市芳雄町3-83,,飯塚市,,,,33.64210158,130.6912675,,,0948-22-3800,,,,,,,,,,月火水木金,08:00,11:00,当院は、一部診療科を除き原則紹介状が必要です。また、予約制となっている診療科もありますので詳細は当院ホームページにてご確認ください。受付及び診察時間は診療科により異なります。,,内科、肝臓内科、内分泌・糖尿病内科、血液内科、腎臓内科、心療内科、精神科、神経内科、呼吸器内科、消化器内科、消化器外科、循環器内科、リウマチ科、漢方内科、小児科、外科、整形外科、形成外科、脳神経外科、呼吸器外科、心臓血管外科、小児外科、皮膚科、泌尿器科、産婦人科、眼科、耳鼻咽喉科、リハビリテーション科、放射線科、歯科口腔外科、麻酔科、救急科、病理診断科、疼痛緩和内科、感染症内科,1048,,,https://aih-net.com/,,,
402052,0000000019,福岡県飯塚市,いくたクリニック,イクタクリニック,,無床診療所,,,福岡県飯塚市楽市659-3,,飯塚市,,,,33.614012,130.674144,,,0948-22-0666,,,,,,,,,,火水木土日祝,10:00,17:00,,,心療内科、精神科、内科,0,,,,,,
402052,0000000020,福岡県飯塚市,石川クリニック,イシカワクリニック,,無床診療所,,,福岡県飯塚市柏の森92-103,,飯塚市,,,,33.640624,130.711228,,,0948-22-0019,,,,,,,,,,月火水木金土,09:00,18:00,水土:午後休診,,脳神経外科、整形外科、麻酔科、ペインクリニック外科、リハビリテーション科,0,,,https://ishikawa-med-cl.com/,,,
402052,0000000021,福岡県飯塚市,いしこ整形外科,イシコセイケイゲカ,,無床診療所,,,福岡県飯塚市片島2丁目6番8号,,飯塚市,,,,33.649753,130.683575,,,0948-52-3595,,,,,,,,,,月火水木金土,08:55,17:30,土:午後休診,,整形外科、リハビリテーション科,0,,,https://ishiko-oc.com/,,,
402052,0000000022,福岡県飯塚市,（医）牛島診療所,ウシジマシンリョウジョ,,無床診療所,,,福岡県飯塚市小正463-6,,飯塚市,,,,33.629057,130.661366,,,0948-25-3490,,,,,,,,,,月火水木金土,09:00,18:00,土:午後休診,,内科、外科、脳神経外科、整形外科、胃腸科、肛門科,0,,,,,,
402052,0000000023,福岡県飯塚市,内野内科クリニック,ウチノナイカクリニック,,無床診療所,,,福岡県飯塚市長尾884番地22,,飯塚市,,,,33.574944,130.64391,,,0948-52-6600,,,,,,,,,,月火水木金土,09:00,16:30,水土:午後休診,,内科、小児科,0,,,,,,
402052,0000000024,福岡県飯塚市,おおつか眼科内科医院,オオツカガンカナイカイイン,,無床診療所,,,福岡県飯塚市長尾405-1,,飯塚市,,,,33.575977,130.653223,,,0948-72-2828,,,,,,,,,,月火水木金土,09:00,18:00,"土:午後休診
外来については、現在は眼科を中心にやっています。内科については、初診の患者さんの診察はしていません。再来のみとなります。",,内科、眼科、小児科,0,,,,,,
402052,0000000025,福岡県飯塚市,（医）大庭医院,オオバイイン,,無床診療所,,,福岡県飯塚市飯塚18-27,,飯塚市,,,,33.637007,130.684138,,,0948-22-1009,,,,,,,,,,月火水木金土,09:00,18:00,土:午後休診,,内科、小児科、循環器内科,0,,,,,,
402052,0000000026,福岡県飯塚市,（医）大庭クリニック,オオバクリニック,,無床診療所,,,福岡県飯塚市伊岐須298-10,,飯塚市,,,,33.652311,130.665277,,,0948-25-5678,,,,,,,,,,月火水木金土,09:00,18:00,"月水金:9:00-12:30、17:00-18:00
火木:9:00-12:30
土:9:00-13:00",,内科,0,,,,,,
402052,0000000027,福岡県飯塚市,岡眼科飯塚クリニック,オカガンカイイヅカクリニック,,無床診療所,,,福岡県飯塚市川津371番1,,飯塚市,,,,33.648431,130.676794,,,0948-22-5155,,,,,,,,,,月火水木金,08:30,16:00,第3土:受付16時まで,,眼科,0,,,https://www.okaganka.com/iizuka.html,,,
402052,0000000028,福岡県飯塚市,岡眼科日帰り手術クリニック,オカガンカヒガエリシュジュツクリニック,,無床診療所,,,福岡県飯塚市川津364-2,,飯塚市,,,,33.648431,130.676794,,,0948-22-5155,,,,,,,,,,月火水木金,09:00,16:00,,,眼科,0,,,,,,
402052,0000000029,福岡県飯塚市,小川内科・循環器内科,オガワナイカ・ジュンカンキナイカ,,無床診療所,,,福岡県飯塚市吉原町6番1号あいタウン3階,,飯塚市,,,,33.641239,130.686356,,,0948-22-2010,,,,,,,,,,月火水木金土,09:00,17:30,水土:午後休診,,内科、循環器内科,0,,,,,,
402052,0000000030,福岡県飯塚市,（医）越智外科胃腸科医院,オチゲカイチョウカイイン,,無床診療所,,,福岡県飯塚市柏の森618,,飯塚市,,,,33.639678,130.698177,,,0948-22-9081,,,,,,,,,,月火水木金土,08:30,17:00,木土:午後休診,,内科、外科、胃腸科、整形外科、放射線科、こう門科、麻酔科,0,,,,,,
402052,0000000031,福岡県飯塚市,頴田病院,カイタビョウイン,,病院,,,福岡県飯塚市口原1061番地1,,飯塚市,,,,33.685291,130.720664,,,0948-92-2131,,,,,,,,,,月火水木金土,08:30,16:30,婦人科については、隔週診療,,内科、小児科、外科、整形外科、眼科、耳鼻咽喉科、腎臓内科、リハビリテーション科、婦人科,96,,,https://www.kaita-hospital.jp/,,,
402052,0000000032,福岡県飯塚市,梶原クリニック,カジワラクリニック,,無床診療所,,,福岡県飯塚市宮町1-8,,飯塚市,,,,33.640973,130.684664,,,0948-24-2312,,,,,,,,,,月火水木金土,09:00,17:30,土:午後休診,,内科、脳神経外科,0,,,https://www.kajiwaraclinic.com/,,,
402052,0000000033,福岡県飯塚市,（医）梶原内科医院,カジワラナイカイイン,,有床診療所,,,福岡県飯塚市下三緒35-664,,飯塚市,,,,33.636507,130.710568,,,0948-23-5563,,,,,,,,,,月火水木土,09:00,17:30,月土:午後休診,,内科、消化器内科、糖尿病内科、放射線科、小児科、リハビリテーション科,19,,,https://kajiwara-naikaiin.com/,,,
402052,0000000034,福岡県飯塚市,（医）金澤整形外科クリニック,カナザワセイケイゲカクリニック,,無床診療所,,,福岡県飯塚市幸袋498-1,,飯塚市,,,,33.658522,130.683843,,,0948-25-1777,,,,,,,,,,月火水木金土,09:00,18:00,水土:午後休診,,整形外科、リハビリテーション科,0,,,https://www.kanazawa-cli.com/,,,
402052,0000000035,福岡県飯塚市,（医）兼田循環器内科医院,カネダジュンカンキナイカイイン,,無床診療所,,,福岡県飯塚市有井355-12,,飯塚市,,,,33.646689,130.71847,,,0948-82-3456,,,,,,,,,,月火水木金土,08:30,17:00,"水木土:午後休診
水:17:30-20:00(夜間診療)",,内科、循環器科,0,,,https://www.kaneda-junkanki.com/,,,
402052,0000000036,福岡県飯塚市,（医）かやの森皮膚クリニック,カヤノモリヒフクリニック,,無床診療所,,,福岡県飯塚市柏の森432-5,,飯塚市,,,,33.637096,130.701717,,,0948-21-0370,,,,,,,,,,月火水金土,08:30,18:00,診察の受付は、診療時間の30分前までです。　毎週火曜日の診察は、10時からとなっております。なお、診察可能人数を超えた場合、受付可能時間内であっても受付を終了させていただく場合がございます。,,皮膚科,0,,,,,,
402052,0000000037,福岡県飯塚市,木原眼科医院,キハラガンカイイン,,無床診療所,,,福岡県飯塚市伊岐須298-6,,飯塚市,,,,33.652463,130.66518,,,0948-25-1319,,,,,,,,,,月火水木金土,09:00,17:30,"木:9:00-11:30
土:9:00-12:30",,眼科,0,,,,,,
402052,0000000038,福岡県飯塚市,（医）恵愛会　江藤外科胃腸科,ケイアイカイエトウゲカイチョウカ,,有床診療所,,,福岡県飯塚市有井355-83,,飯塚市,,,,33.646251,130.717864,,,0948-82-2381,,,,,,,,,,月火水木金土,08:30,17:30,土:午後休診,,外科、胃腸科,19,,,,,,
402052,0000000039,福岡県飯塚市,軽費老人ホームいずみ苑医務室,ケイヒロウジンホームイズミエンイムシツ,,無床診療所,,,福岡県飯塚市庄司2003-1,,飯塚市,,,,33.672738,130.660872,,,0948-23-6006,,,,,,,,,,,,,,,内科,0,,,,,,
402052,0000000040,福岡県飯塚市,（医）健蘭会　石橋外科内科医院,ケンランカイイシバシゲカナイカイイン,,無床診療所,,,福岡県飯塚市伊岐須847番地5,,飯塚市,,,,33.653908,130.661301,,,0948-23-0400,,,,,,,,,,月火水木金土,08:30,18:00,土:8:30‐13:00,,外科、内科、ﾘﾊﾋﾞﾘﾃｰｼｮﾝ科、整形外科、胃腸内科、肛門外科,0,,,https://sites.google.com/view/kenrankai,,,
402052,0000000041,福岡県飯塚市,（医）向陽会　西田内科クリニック,コウヨウカイニシダナイカクリニック,,無床診療所,,,福岡県飯塚市上三緒889-1,,飯塚市,,,,33.62869,130.708433,,,0948-24-8555,,,,,,,,,,月火水木金土,09:00,17:30,木土:午後休診,,内科、循環器科,0,,,,,,
402052,0000000042,福岡県飯塚市,心のクリニック・飯塚,ココロノクリニック・イイヅカ,,無床診療所,,,福岡県飯塚市菰田西2-5-34,,飯塚市,,,,33.629463,130.689003,,,0948-24-1515,,,,,,,,,,月火水木金土,09:30,18:00,"土:午後休診
土:１週・３週・５週目は休診",,精神科、神経科、心療内科,0,,,http://www.xn--u9j2ga3ftb3mu243a.jp/,,,
402052,0000000043,福岡県飯塚市,児嶋病院,コジマビョウイン,,病院,,,福岡県飯塚市花瀬87番地１,,飯塚市,,,,33.641902,130.660411,,,0948-22-1498,,,,,,,,,,月火水木金,09:00,17:00,"水金:午後休診
詳細はホームページをご覧ください。",,内科、外科、脳神経外科、消化器内科、循環器内科、リハビリテーション科,44,,,https://www.kojima-hospital.com/,,,
402052,0000000044,福岡県飯塚市,近藤医院,コンドウイイン,,無床診療所,,,福岡県飯塚市菰田西1-4-3,,飯塚市,,,,33.626832,130.688408,,,0948-22-2899,,,,,,,,,,月火水木金土,09:00,17:30,水土:午後休診,,内科、消化器科、小児科,0,,,,,,
402052,0000000045,福岡県飯塚市,坂本医院,サカモトイイン,,無床診療所,,,福岡県飯塚市目尾1256-14,,飯塚市,,,,33.684206,130.710214,,,0948-21-0076,,,,,,,,,,月火水木金土,09:00,18:00,火水土:午後休診,,内科、皮膚、小児科,0,,,,,,
402052,0000000046,福岡県飯塚市,坂元クリニック,サカモトクリニック,,無床診療所,,,福岡県飯塚市目尾720-3,,飯塚市,,,,33.674408,130.70235,,,0948-25-1881,,,,,,,,,,月火水木金土,09:00,17:30,木土:午後休診,,内科、外科,0,,,,,,
402052,0000000047,福岡県飯塚市,佐藤医院,サトウイイン,,無床診療所,,,福岡県飯塚市勢田1286-4,,飯塚市,,,,33.687184,130.723899,,,0948-92-0006,,,,,,,,,,月火水木金土,08:30,17:00,木土:午後休診,,内科、眼科,0,,,,,,
402052,0000000048,福岡県飯塚市,（医）佐藤眼科医院,サトウガンカイイン,,無床診療所,,,福岡県飯塚市新飯塚6-21,,飯塚市,,,,33.643902,130.692936,,,0948-22-1292,,,,,,,,,,月火水木金土,08:30,17:00,"木:午後休診
土:8:30-12:00、14:00-15:00",,眼科,0,,,,,,
402052,0000000049,福岡県飯塚市,（医）佐野医院,サノイイン,,無床診療所,,,福岡県飯塚市綱分845-1,,飯塚市,,,,33.634568,130.731313,,,0948-82-0036,,,,,,,,,,月火水木金土,09:00,18:00,,,内科、消化器内科、小児科,0,,,https://sanoiin.jp/,,,
402052,0000000050,福岡県飯塚市,サン・ふれあい菰田診察室,サン・フレアイコモダシンサツシツ,,無床診療所,,,福岡県飯塚市菰田115番地2,,飯塚市,,,,33.625984,130.690774,,,0948-29-0770,,,,,,,,,,,,,,,内科,0,,,,,,
402052,0000000051,福岡県飯塚市,（医）産婦人科・麻酔科すどうクリニック,サンフジンカ・マスイカスドウクリニック,,有床診療所,,,福岡県飯塚市菰田西1-4-22,,飯塚市,,,,33.626372,130.687582,,,0948-22-2347,,,,,,,,,,月火水木金土,09:00,18:00,"土:午後休診
火曜日午後は手術日のため一般診療はありません。",,産婦人科、麻酔科,11,,,https://sudoclinic.or.jp/,,,
402052,0000000052,福岡県飯塚市,柴田みえこ内科・神経内科クリニック,シバタミエコナイカ・シンケイナイカクリニック,,無床診療所,,,福岡県飯塚市鶴三緒1547-10,,飯塚市,,,,33.623911,130.700741,,,0948-21-0011,,,,,,,,,,月火水木金土,09:00,17:20,"水土:午後休診
金:午後は心療内科のみ",,脳神経内科、内科、心療内科、リハビリテーション,0,,,https://mieko-neurologyclinic.com/,,,
402052,0000000053,福岡県飯塚市,（医）下津眼科医院,シモツガンカイイン,,無床診療所,,,福岡県飯塚市菰田東2-3-30,,飯塚市,,,,33.631402,130.690135,,,0948-22-2221,,,,,,,,,,月火水木金土,09:00,17:30,"火:午後休診
土:9:00-14:30",,眼科,0,,,http://www.simotu.com/,,,
402052,0000000054,福岡県飯塚市,社会保険二瀬病院,シャカイホケンフタセビョウイン,,病院,,,福岡県飯塚市伊川1243-1,,飯塚市,,,,33.657772,130.655025,,,0948-22-1526,,,,,,,,,,月火水木金,08:30,16:30,詳細はホームページをご覧ください。,,内科、呼吸器内科、皮膚科、消化器内科、リハビリテーション科,55,,,http://futase-hp.jp/,,,
402052,0000000055,福岡県飯塚市,（医）社団親和会共立病院,シャダンシンワカイキョウリツビョウイン,,病院,,,福岡県飯塚市横田770-3,,飯塚市,,,,33.649431,130.668168,,,0948-22-0725,,,,,,,,,,月火水木金土,08:30,16:30,受付・診療時間は各科によって異なりますので、詳細はホームページをご覧ください。,,内科、消化器内科、皮膚科、リハビリテーション科、リウマチ科、循環器内科、緩和ケア内科,139,,,https://f-shinwakai.or.jp/kyoritsu/,,,
402052,0000000056,福岡県飯塚市,（医）秀和会　あおやぎ内科クリニック,シュウワカイアオヤギナイカクリニック,,無床診療所,,,福岡県飯塚市大分1324-4,,飯塚市,,,,33.587726,130.629566,,,0948-72-3230,,,,,,,,,,月火水木金土,09:00,19:00,"月火水木金:9:00-13:00、15:00-19:00
土:9:00-13:00、15:00-17:00",,内科、胃腸科、小児科、リハビリテーション科,0,,,,,,
402052,0000000057,福岡県飯塚市,障害者支援施設光ケ丘学園医務室,ショウガイシャシエンシセツヒカリガオカガクエンイムシツ,,無床診療所,,,福岡県飯塚市勢田119-14,,飯塚市,,,,33.686755,130.739794,,,0948-96-2001,,,,,,,,,,,,,,,神経内科,0,,,,,,
402052,0000000058,福岡県飯塚市,庄田整形外科,ショウダセイケイゲカ,,無床診療所,,,福岡県飯塚市楽市310-14,,飯塚市,,,,33.611613,130.679412,,,0948-30-1520,,,,,,,,,,月火水木金土,08:30,17:45,"火木土:午後休診
土:毎月第4は休診",,整形外科、リハビリテーション科,0,,,https://shoda-seikei.com/,,,
402052,0000000059,福岡県飯塚市,新飯塚駅内科,シンイイヅカエキナイカ,,無床診療所,,,福岡県飯塚市立岩1049-11,,飯塚市,,,,33.643697,130.697039,,,0948-26-2018,,,,,,,,,,月火木金土,09:00,16:00,,,内科、糖尿病内科、リハビリテーション科,0,,,https://shiniizuka-cl.com/,,,
402052,0000000060,福岡県飯塚市,新飯塚診療所,シンイイヅカシンリョウジョ,,無床診療所,,,福岡県飯塚市柏の森946-6,,飯塚市,,,,33.641723,130.694872,,,0948-22-2680,,,,,,,,,,月火水木金土,09:00,12:00,"月:16:30-19:00
第1・3火:14:00‐16:30
第2・4木:16:30‐19:00
第1・3土:9:00‐12:00",,内科,0,,,https://www.sfid.jp/shinryosho/shiniizuka/,,,
402052,0000000061,福岡県飯塚市,（身体障害者療護施設）　梅香苑の医務室,（シンタイショウガイシャリョウゴシセツ）バイコウエンノイムシツ,,無床診療所,,,福岡県飯塚市大日寺1213-1,,飯塚市,,,,33.635319,130.6339,,,0948-25-7500,,,,,,,,,,,,,,,内科,0,,,,,,
402052,0000000062,福岡県飯塚市,セナクリニック,セナクリニック,,無床診療所,,,福岡県飯塚市秋松559-5,,飯塚市,,,,33.626144,130.677524,,,0948-21-6007,,,,,,,,,,月火水金土,10:00,18:00,"土:10:00‐16:00
お昼休み:12:00‐13:00",,美容皮膚科,0,,,https://www.senaclinic.jp/,,,
402052,0000000063,福岡県飯塚市,(医)　千手医院,センジュイイン,,無床診療所,,,福岡県飯塚市西町4番38号,,飯塚市,,,,33.640531,130.679766,,,0948-22-3363,,,,,,,,,,月火水木金土,08:30,17:30,水土:8:30-12:00,,内科、呼吸器科、小児科,0,,,,,,
402052,0000000064,福岡県飯塚市,そうだレディースクリニック,ソウダレディースクリニック,,無床診療所,,,福岡県飯塚市新飯塚4-5,,飯塚市,,,,33.644791,130.692721,,,0948-26-7575,,,,,,,,,,月火水金土,09:00,18:00,"土:午後休診
月金:9:00‐13:00,14:00‐18:00
火木:9:00‐13:00,14:00‐17:00",,産婦人科,0,,,,,,
402052,0000000065,福岡県飯塚市,そばしま内科循環器科,ソバシマナイカジュンカンキカ,,無床診療所,,,福岡県飯塚市新飯塚21-21,,飯塚市,,,,33.64468,130.689121,,,0948-26-9900 ,,,,,,,,,,月火水木金土,08:30,17:00,木土:午後休診,,内科、循環器内科,0,,,,,,
402052,0000000066,福岡県飯塚市,大地の森医務室,ダイチノモリイムシツ,,無床診療所,,,福岡県飯塚市佐與1497-2,,飯塚市,,,,33.673863,130.716255,,,0948-92-5055,,,,,,,,,,,,,,,内科,0,,,,,,
402052,0000000067,福岡県飯塚市,（医）たかた皮ふ科医院,タカタヒフカイイン,,無床診療所,,,福岡県飯塚市菰田西1-5-4,,飯塚市,,,,33.627739,130.687298,,,0948-21-3345,,,,,,,,,,月火水木金,09:00,17:00,水:午後休診,,皮膚科,0,,,,,,
402052,0000000068,福岡県飯塚市,武富内科医院,タケトミナイカイイン,,無床診療所,,,福岡県飯塚市飯塚10-22,,飯塚市,,,,33.63631,130.685806,,,0948-22-6924,,,,,,,,,,月火水木金土,09:00,12:00,臨時休診あり,,内科、消化器内科、小児科,0,,,,,,
402052,0000000069,福岡県飯塚市,（医）田代医院,タシロイイン,,無床診療所,,,福岡県飯塚市吉原町2-18,,飯塚市,,,,33.641071,130.685506,,,0948-22-2748,,,,,,,,,,月火水木金土,09:00,17:00,木土:午後休診,,皮膚科,0,,,,,,
402052,0000000070,福岡県飯塚市,多田泌尿器科クリニック,タダヒニョウキカクリニック,,無床診療所,,,福岡県飯塚市吉原町537,,飯塚市,,,,33.642715,130.685409,,,0948-43-9216,,,,,,,,,,月火水木金土,08:45,17:00,木土:午後休診,,泌尿器科、皮膚科,0,,,https://tada-urology.com/,,,
402052,0000000071,福岡県飯塚市,たていわ病院,タテイワビョウイン,,病院,,,福岡県飯塚市立岩1725,,飯塚市,,,,33.650417,130.692459,,,0948-22-2611,,,,,,,,,,月火水木金土,09:00,16:30,詳細はホームページをご覧ください。,,精神科、内科、心療内科,203,,,https://tateiwa.or.jp/,,,
402052,0000000072,福岡県飯塚市,（医）田中医院,タナカイイン,,無床診療所,,,福岡県飯塚市天道415-1,,飯塚市,,,,33.603392,130.675882,,,0948-22-1850,,,,,,,,,,月火水木金土,09:00,17:30,土:午後休診,,小児科、内科,0,,,,,,
402052,0000000073,福岡県飯塚市,（医）田中クリニック,タナカクリニック,,有床診療所,,,福岡県飯塚市本町17-12,,飯塚市,,,,33.639624,130.682325,,,0948-22-3280,,,,,,,,,,月火水木金土,09:00,17:30,"木:午後休診
土:9:00-12:00、14:00-15:00",,産科、婦人科,14,,,,,,
402052,0000000074,福岡県飯塚市,（医）田中耳鼻咽喉科医院,タナカジビインコウカイイン,,無床診療所,,,福岡県飯塚市飯塚6-1,,飯塚市,,,,33.635917,130.686665,,,0948-29-8474,,,,,,,,,,月火水木金土,09:00,18:00,水土:午後休診,,耳鼻咽喉科,0,,,,,,
402052,0000000075,福岡県飯塚市,"地域密着型介護老人福祉施設
ことぶきの森医務室",チイキミッチャクガタカイゴロウジンフクシシセツコトブキノモリイムシツ,,無床診療所,,,福岡県飯塚市鯰田字水ヶ坂696番地21,,飯塚市,,,,33.67356,130.715493,,,0948-24-5030,,,,,,,,,,,,,,,内科,0,,,,,,
402052,0000000076,福岡県飯塚市,（医）塚本クリニック,ツカモトクリニック,,無床診療所,,,福岡県飯塚市平塚88-2,,飯塚市,,,,33.580625,130.664949,,,0948-72-4388,,,,,,,,,,月火水木金土,09:00,18:00,水土:午後休診,,内科、消化器科、外科,0,,,,,,
402052,0000000077,福岡県飯塚市,津川診療所,ツガワシンリョウジョ,,無床診療所,,,福岡県飯塚市新飯塚18-12,,飯塚市,,,,33.643154,130.690292,,,0948-22-1466,,,,,,,,,,月火水木金土,08:30,16:30,水土:午後休診,,内科、小児科,0,,,,,,
402052,0000000078,福岡県飯塚市,角田整形外科医院,ツノダセイケイゲカイイン,,無床診療所,,,福岡県飯塚市吉原町1-8,,飯塚市,,,,33.641544,130.685538,,,0948-29-3388,,,,,,,,,,月火水木金土,08:30,16:00,木土:午後休診,,整形外科、リハビリテーション科,0,,,https://www.tsunoda-seikei.com/,,,
402052,0000000079,福岡県飯塚市,徳永眼科医院,トクナガガンカイイン,,無床診療所,,,福岡県飯塚市楽市141-2,,飯塚市,,,,33.616527,130.680699,,,0948-25-0011,,,,,,,,,,月火水木金土,09:00,18:00,"木:午後休診
土:9:00‐12:30,14:00‐15:00",,眼科,0,,,https://www.tokunaga-ganka.info/,,,
402052,0000000080,福岡県飯塚市,特別養護老人ホームいいづか医務室,トクベツヨウゴロウジンホームイイヅカイムシツ,,無床診療所,,,福岡県飯塚市花瀬157-1,,飯塚市,,,,33.642188,130.659231,,,0948-29-5850,,,,,,,,,,,,,,,内科,0,,,,,,
402052,0000000081,福岡県飯塚市,特別養護老人ホームかいた苑医務室,トクベツヨウゴロウジンホームカイタエンイムシツ,,無床診療所,,,福岡県飯塚市勢田2593-65,,飯塚市,,,,33.70368,130.727026,,,0948-92-5211,,,,,,,,,,,,,,,内科,0,,,,,,
402052,0000000082,福岡県飯塚市,特別養護老人ホームくぬぎ苑医務室,トクベツヨウゴロウジンホームクヌギエンイムシツ,,無床診療所,,,福岡県飯塚市相田114-1,,飯塚市,,,,33.657089,130.661743,,,0948-24-8000,,,,,,,,,,,,,,,内科,0,,,,,,
402052,0000000083,福岡県飯塚市,特別養護老人ホームサミック飯塚医務室,トクベツヨウゴロウジンホームサミックイイヅカイムシツ,,無床診療所,,,福岡県飯塚市太郎丸712番地1,,飯塚市,,,,33.606149,130.673511,,,0948-43-9462,,,,,,,,,,,,,,,内科,0,,,,,,
402052,0000000084,福岡県飯塚市,特別養護老人ホーム第二いずみ苑医務室,トクベツヨウゴロウジンホームダイニイズミエンイムシツ,,無床診療所,,,福岡県飯塚市庄司字鴨居2003番地4,,飯塚市,,,,33.672979,130.661366,,,0948-23-5778,,,,,,,,,,,,,,,内科,0,,,,,,
402052,0000000085,福岡県飯塚市,特別養護老人ホーム太陽の郷医務室,トクベツヨウゴロウジンホームタイヨウノサトイムシツ,,無床診療所,,,福岡県飯塚市下三緒690,,飯塚市,,,,33.632809,130.701245,,,0948-25-7789,,,,,,,,,,,,,,,内科,0,,,,,,
402052,0000000086,福岡県飯塚市,特別養護老人ホーム多田の里医務室,トクベツヨウゴロウジンホームタダノサトイムシツ,,無床診療所,,,福岡県飯塚市多田309-11,,飯塚市,,,,33.643956,130.741843,,,0948-20-4031,,,,,,,,,,,,,,,内科,0,,,,,,
402052,0000000087,福岡県飯塚市,特別養護老人ホーム筑穂桜の園医務室,トクベツヨウゴロウジンホームチクホサクラノソノイムシツ,,無床診療所,,,福岡県飯塚市長尾1428-1,,飯塚市,,,,33.572786,130.643138,,,0948-72-3120,,,,,,,,,,,,,,,内科,0,,,,,,
402052,0000000088,福岡県飯塚市,特別養護老人ホームつばき苑医務室,トクベツヨウゴロウジンホームツバキエンイムシツ,,無床診療所,,,福岡県飯塚市椿623-8,,飯塚市,,,,33.619015,130.651968,,,0948-23-2121,,,,,,,,,,,,,,,内科,0,,,,,,
402052,0000000089,福岡県飯塚市,特別養護老人ホーム天空の杜,トクベツヨウゴロウジンホームテンクウノモリ,,無床診療所,,,福岡県飯塚市平恒181-1,,飯塚市,,,,33.61142,130.686661,,,0948-26-1165,,,,,,,,,,,,,,,内科,0,,,,,,
402052,0000000090,福岡県飯塚市,特別養護老人ホーム天寿園医務室,トクベツヨウゴロウジンホームテンジュエンイムシツ,,無床診療所,,,福岡県飯塚市高田167,,飯塚市,,,,33.595515,130.639007,,,0948-25-3456,,,,,,,,,,,,,,,内科,0,,,,,,
402052,0000000091,福岡県飯塚市,特別養護老人ホームはくりゅう園,トクベツヨウゴロウジンホームハクリュウエン,,無床診療所,,,福岡県飯塚市綱分192-1,,飯塚市,,,,33.628137,130.737669,,,0948-82-2420,,,,,,,,,,,,,,,内科,0,,,,,,
402052,0000000092,福岡県飯塚市,特別養護老人ホーム本陣園医務室,トクベツヨウゴロウジンホームホンジンエンイムシツ,,無床診療所,,,福岡県飯塚市長尾884-1,,飯塚市,,,,33.575664,130.643739,,,0948-72-3777,,,,,,,,,,,,,,,内科,0,,,,,,
402052,0000000093,福岡県飯塚市,（独）労働者健康安全機構　総合せき損センター,ドクリツギョウセイホウジンロウドウシャケンコウアンゼンキコウソウゴウセキソンセンター,,病院,,,福岡県飯塚市伊岐須550-4,,飯塚市,,,,33.64630093,130.6531594,,,0948-24-7500,,,,,,,,,,月火水木黄,08:30,11:30,詳細はホームページをご覧ください。,,内科、整形外科、脳神経外科、リハビリテーション科、泌尿器科、麻酔科,150,,,https://sekisonh.johas.go.jp/,,,
402052,0000000094,福岡県飯塚市,なかおクリニック,ナカオクリニック,,無床診療所,,,福岡県飯塚市堀池254番地1,,飯塚市,,,,33.624536,130.682019,,,0948-21-5755,,,,,,,,,,月火木金土,09:30,17:00,土:午後休診,,外科、胃腸内科、消化器内科、肛門外科、リハビリテーション科,0,,,,,,
402052,0000000095,福岡県飯塚市,なかしま内科・糖尿病・腎クリニック,ナカシマナイカ・トウニョウビョウ・ジンクリニック,,有床診療所,,,福岡県飯塚市西町1番4号,,飯塚市,,,,33.640114,130.682632,,,0948-22-8811,,,,,,,,,,月火水木金土,09:00,17:30,木土:午後休診,,内科、糖尿病内科、腎臓内科、人工透析内科、循環器内科、リハビリテーション科,12,,,https://nakashimaclinic.jp/,,,
402052,0000000096,福岡県飯塚市,（医）中武眼科クリニック,ナカタケガンカクリニック,,無床診療所,,,福岡県飯塚市西町2-11,,飯塚市,,,,33.639053,130.682114,,,0948-22-8082,,,,,,,,,,月火水木金土,09:00,17:00,,,眼科,0,,,https://nakatakeganka.com/,,,
402052,0000000097,福岡県飯塚市,（医）中野医院,ナカノイイン,,有床診療所,,,福岡県飯塚市新飯塚5-7,,飯塚市,,,,33.644073,130.692856,,,0948-22-3283,,,,,,,,,,月火水木金土,08:30,18:00,"月:8:30-12:30、14:00-19:30
木土:午後休診",,内科、消化器科,15,,,https://www.nakanoclinic-iizuka.com/,,,
402052,0000000098,福岡県飯塚市,奈田クリニック,ナタクリニック,,無床診療所,,,福岡県飯塚市横田325-1,,飯塚市,,,,33.64317,130.672148,,,0948-24-5080,,,,,,,,,,月火水木金土,09:00,18:00,木土:午後休診,,内科、小児科,0,,,,,,
402052,0000000099,福岡県飯塚市,ナワタ消化器外科医院,ナワタショウカキゲカイイン,,無床診療所,,,福岡県飯塚市横田334,,飯塚市,,,,33.641509,130.67349,,,0948-24-2303,,,,,,,,,,月火水木金,08:30,16:30,,,内科、胃腸科、外科、麻酔科,0,,,,,,
402052,0000000100,福岡県飯塚市,（医）西園内科クリニック,ニシゾノナイカクリニック,,無床診療所,,,福岡県飯塚市小正40-1,,飯塚市,,,,33.624929,130.663426,,,0948-24-9308,,,,,,,,,,月火水木金土,09:00,17:30,水土:午後休診,,内科、消化器科、リハビリテーション科,0,,,https://nishizono-clinic.com/,,,
402052,0000000101,福岡県飯塚市,（医）西原内科消化器科クリニック,ニシハラナイカショウカキカクリニック,,無床診療所,,,福岡県飯塚市新立岩4-10,,飯塚市,,,,33.645836,130.691814,,,0948-25-0070,,,,,,,,,,月火水木金土,08:30,18:00,水土:午後休診,,内科、胃腸科、消化器科、循環器科,0,,,https://www.nishihara-mclinic.com/,,,
402052,0000000102,福岡県飯塚市,二宮医院,ニノミヤイイン,,無床診療所,,,福岡県飯塚市潤野855,,飯塚市,,,,33.631978,130.661661,,,0948-22-3272,,,,,,,,,,月火水木金土,09:00,18:00,水土:午後休診,,内科、小児科、消化器内科、循環器内科,0,,,,,,
402052,0000000103,福岡県飯塚市,野見山医院,ノミヤマイイン,,無床診療所,,,福岡県飯塚市伊川406番地1,,飯塚市,,,,33.650601,130.648953,,,0948-22-8668,,,,,,,,,,月火水木金土,09:00,17:30,木土:午後休診,,内科、消化器内科、小児科,0,,,,,,
402052,0000000104,福岡県飯塚市,橋川整形外科医院,ハシカワセイケイゲカイイン,,無床診療所,,,福岡県飯塚市枝国269番地6,,飯塚市,,,,33.634658,130.676451,,,0948-24-3403,,,,,,,,,,月火水木金土,09:00,18:00,土:午後休診,,整形外科,0,,,,,,
402052,0000000105,福岡県飯塚市,長谷川整形外科医院,ハセガワセイケイゲカイイン,,無床診療所,,,福岡県飯塚市本町1162-8,,飯塚市,,,,33.640263,130.685828,,,0948-23-0035,,,,,,,,,,月火水木金土,09:00,17:30,木土:午後休診,,整形外科、リハビリテーション科,0,,,,,,
402052,0000000106,福岡県飯塚市,はた眼科,ハタガンカ,,無床診療所,,,福岡県飯塚市菰田西3丁目6番1号,,飯塚市,,,,33.63187,130.685364,,,0948-43-8871,,,,,,,,,,月火水金土日祝,10:00,17:30,,,眼科,0,,,https://hata-ganka.navi-clinic.jp/,,,
402052,0000000107,福岡県飯塚市,はやかわ漢方クリニック,ハヤカワカンポウクリニック,,無床診療所,,,福岡県飯塚市大日寺126-1,,飯塚市,,,,33.639798,130.648009,,,0948-26-8822,,,,,,,,,,,,,,,漢方内科、皮膚科,0,,,,,,
402052,0000000108,福岡県飯塚市,（医）林医院,ハヤシイイン,,無床診療所,,,福岡県飯塚市相田262-3,,飯塚市,,,,33.656571,130.660164,,,0948-22-5333,,,,,,,,,,月火水木金土,08:30,17:30,水土:午後休診,,内科、小児科、呼吸器科、胃腸科,0,,,,,,
402052,0000000109,福岡県飯塚市,（医）林田胃腸科医院,ハヤシダイチョウカイイン,,無床診療所,,,福岡県飯塚市片島2-5-4,,飯塚市,,,,33.646591,130.684097,,,0948-22-8656,,,,,,,,,,月火水木金土,09:00,17:30,土:午後休診,,内科、胃腸科、放射線科,0,,,,,,
402052,0000000110,福岡県飯塚市,（医）樋口医院,ヒグチイイン,,無床診療所,,,福岡県飯塚市横田838,,飯塚市,,,,33.650726,130.668715,,,0948-22-1274,,,,,,,,,,月火水木金土,08:30,18:00,水土:午後休診,,内科、循環器内科、小児科,0,,,https://www.higuchi-naika-junkankika.com/,,,
402052,0000000111,福岡県飯塚市,（医）ひじい小児科クリニック,ヒジイショウニカクリニック,,無床診療所,,,福岡県飯塚市川津84-1,,飯塚市,,,,33.656125,130.681091,,,0948-21-6661,,,,,,,,,,月火水木金土,08:30,18:00,"木:8:30-12:30
土:8:30-13:00",,小児科、アレルギー科,0,,,,,,
402052,0000000112,福岡県飯塚市,ひだ内科クリニック,ヒダナイカクリニック,,無床診療所,,,福岡県飯塚市伊川548-1,,飯塚市,,,,33.651414,130.652928,,,0948-52-6801,,,,,,,,,,月火水木金土,09:00,18:00,水土:午後休診,,内科,0,,,https://hida-cl.com/,,,
402052,0000000113,福岡県飯塚市,泌尿器科C.U．クリニック,ヒニョウキカシーユークリニック,,有床診療所,,,福岡県飯塚市川津405-1,,飯塚市,,,,33.647869,130.675674,,,0948-23-1249,,,,,,,,,,月火水木金土,08:45,16:30,土:午後休診,,内科、泌尿器科,11,,,https://www.cu-clinic.com/,,,
402052,0000000114,福岡県飯塚市,（医）広瀬医院,ヒロセイイン,,無床診療所,,,福岡県飯塚市綱分756,,飯塚市,,,,33.639186,130.729086,,,0948-82-0027,,,,,,,,,,月火水木金土,08:30,17:30,水土:午後休診,,内科、小児科、リハビリテーション科、麻酔科,0,,,https://www.hiroseiin.jp/,,,
402052,0000000115,福岡県飯塚市,福岡県嘉穂・鞍手保健所本庁舎,フクオカケンカホ・クラテホケンジョホンチョウシャ,,無床診療所,,,福岡県飯塚市新立岩8-1,,飯塚市,,,,33.648154,130.689819,,,0948-21-4911,,,,,,,,,,,,,,,内科,0,,,,,,
402052,0000000116,福岡県飯塚市,福岡県済生会飯塚嘉穂病院,フクオカケンサイセイカイイイヅカカホビョウイン,,病院,,,福岡県飯塚市太郎丸265,,飯塚市,,,,33.60143483,130.667332,,,0948-22-3740,,,,,,,,,,月火水木金,08:30,11:00,詳細はホームページをご覧ください。,,内科、消化器内科、呼吸器内科、循環器内科、眼科、外科、整形外科、リウマチ科、リハビリテーション科、放射線科、緩和ケア内科、心療内科、皮膚科、脳神経内科、心療精神科、皮膚腫瘍科、糖尿病内科、膵臓内科,197,,,https://iizuka-kaho.jp/,,,
402052,0000000117,福岡県飯塚市,(医）ふくはだ皮ふ科クリニック,フクハダヒフカクリニック,,無床診療所,,,福岡県飯塚市伊岐須640-1,,飯塚市,,,,33.651378,130.65774,,,0948-26-2277,,,,,,,,,,月火水木金土,08:45,17:30,"木土:午後休診
土曜日はオンライン予約のみ",,皮膚科,0,,,https://fukuhada.com/,,,
402052,0000000118,福岡県飯塚市,（医）福豊会　豊永医院,フクホウカイトヨナガイイン,,無床診療所,,,福岡県飯塚市吉原町1番9号,,飯塚市,,,,33.64183,130.685844,,,0948-22-5423,,,,,,,,,,月火水木金土,09:00,17:00,水土:午後休診,,胃腸内科、大腸・肛門外科,0,,,http://www.toyonaga.org/,,,
402052,0000000119,福岡県飯塚市,藤井泌尿器科医院,フジイヒニョウキカイイン,,無床診療所,,,福岡県飯塚市飯塚8-20,,飯塚市,,,,33.635082,130.686225,,,0948-21-5550,,,,,,,,,,月火水木金土,09:00,18:00,水土:午後休診,,泌尿器科,0,,,,,,
402052,0000000120,福岡県飯塚市,細川小児科内科医院,ホソカワショウニカナイカイイン,,無床診療所,,,福岡県飯塚市鯰田1772,,飯塚市,,,,33.66776,130.701985,,,0948-22-1088,,,,,,,,,,月火水木金土,09:00,18:00,土:午後休診,,小児科、内科,0,,,,,,
402052,0000000121,福岡県飯塚市,穂波整形外科,ホナミセイケイゲカ,,無床診療所,,,福岡県飯塚市太郎丸742,,飯塚市,,,,33.606083,130.671432,,,0948-25-0066,,,,,,,,,,月火水木金土,08:30,17:00,水土:午後休診,,整形外科、リハビリテーション科、リウマチ科,0,,,https://honami-or.com/,,,
402052,0000000122,福岡県飯塚市,（医）前田眼科クリニック,マエダガンカクリニック,,無床診療所,,,福岡県飯塚市枝国666-48,,飯塚市,,,,33.637032,130.672928,,,0948-43-3558,,,,,,,,,,月火水金土日,09:30,18:00,"水:午後休診
水:第1、第3は休診",,眼科,0,,,https://maedagankaclinic.com/,,,
402052,0000000123,福岡県飯塚市,松浦医院,マツウライイン,,無床診療所,,,福岡県飯塚市飯塚19-20,,飯塚市,,,,33.637141,130.683446,,,0948-22-3657,,,,,,,,,,月火水木金土,09:00,17:30,水土:午後休診,,内科、小児科、放射線科,0,,,https://matsuuraiin.webnode.jp/,,,
402052,0000000124,福岡県飯塚市,（医）松岡産婦人科医院,マツオカサンフジンカイイン,,有床診療所,,,福岡県飯塚市飯塚10-10,,飯塚市,,,,33.635908,130.685999,,,0948-24-7963,,,,,,,,,,月火水木金土,09:00,17:00,土:午後休診,,産婦人科、女性内科、漢方内科,5,,,https://www.matsuoka-sanfujinka.com/access,,,
402052,0000000125,福岡県飯塚市,松口循環器科・内科医院,マツグチジュンカンキカ・ナイカイイン,,無床診療所,,,福岡県飯塚市楽市131-1,,飯塚市,,,,33.615209,130.680603,,,0948-26-0800,,,,,,,,,,月火水木金土,09:00,17:30,水土:午後休診,,内科、循環器科,0,,,http://matsuguchi-c.jp/,,,
402052,0000000126,福岡県飯塚市,松隈眼科医院,マツグマガンカイイン,,無床診療所,,,福岡県飯塚市吉原町2番2号,,飯塚市,,,,33.640857,130.685404,,,0948-22-0542,,,,,,,,,,月火水木金土,09:00,18:00,土:午後休診,,眼科,0,,,http://www.matsuguma-eye.jp/,,,
402052,0000000127,福岡県飯塚市,まつなり医院,マツナリイイン,,無床診療所,,,福岡県飯塚市庄司36-5,,飯塚市,,,,33.673801,130.674412,,,0948-22-0643,,,,,,,,,,月火水木金土,09:00,17:30,水土:午後休診,,内科、小児科、呼吸器科、リハビリテーション科,0,,,,,,
402052,0000000128,福岡県飯塚市,丸野クリニック,マルノクリニック,,無床診療所,,,福岡県飯塚市立岩1308-12,,飯塚市,,,,33.649226,130.695462,,,0948-25-0188,,,,,,,,,,月火水木金土,08:30,16:30,木土:午後休診,,精神科、心療内科,0,,,,,,
402052,0000000129,福岡県飯塚市,三笠外科医院,ミカサゲカイイン,,無床診療所,,,福岡県飯塚市中497,,飯塚市,,,,33.664483,130.683961,,,0948-22-2113,,,,,,,,,,月火水木金土,09:00,17:00,水土:午後休診,,外科、整形外科、胃腸内科,0,,,,,,
402052,0000000130,福岡県飯塚市,三宅脳神経外科病院,ミヤケノウシンケイゲカビョウイン,,病院,,,福岡県飯塚市楽市243-11,,飯塚市,,,,33.61307075,130.6800293,,,0948-25-5050,,,,,,,,,,月火水木金土,08:30,17:00,"土:午後休診
手術の場合は午後の外来診療がない場合があります。",,脳神経外科、リハビリテーション科,44,,,,,,
402052,0000000131,福岡県飯塚市,（医）宮嶋医院,ミヤジマイイン,,有床診療所,,,福岡県飯塚市忠隈380,,飯塚市,,,,33.623093,130.684438,,,0948-22-1477,,,,,,,,,,月火水木金土,09:00,17:00,土:午後休診,,内科、外科、胃腸科、小児科,8,,,http://miyajimaiin.com/,,,
402052,0000000132,福岡県飯塚市,宮嶋耳鼻咽喉科,ミヤジマジビインコウカ,,無床診療所,,,福岡県飯塚市南尾400-1,,飯塚市,,,,33.617103,130.681359,,,0948-28-3347,,,,,,,,,,月火水木金土,08:30,18:00,"木土:午後休診
木:8:30‐12:30
土:8:30‐13:30",,耳鼻咽喉科、気管食道外科、アレルギー科,0,,,https://www.miyajima-jibika.com/,,,
402052,0000000133,福岡県飯塚市,（医）みやじま内科・呼吸器内科クリニック,ミヤジマナイカ・コキュウキナイカクリニック,,無床診療所,,,福岡県飯塚市菰田西2-3-52,,飯塚市,,,,33.62819,130.68734,,,0948-23-0578,,,,,,,,,,月火水木金土,09:00,18:00,水土:午後休診,,内科、呼吸器内科、アレルギー科,0,,,https://miyajimacl.ci-hp.jp/,,,
402052,0000000134,福岡県飯塚市,明治記念医院,メイジキネンイイン,,有床診療所,,,福岡県飯塚市川津360番地3,,飯塚市,,,,33.64701005,130.6767229,,,0948-25-2345,,,,,,,,,,月火水木金土,09:00,17:00,土:午後休診,,整形外科、内科、脳神経内科、形成外科、リハビリテーション科,19,,,,,,
402052,0000000135,福岡県飯塚市,（医）弥永内科小児科医院,ヤナガナイカショウニカイイン,,無床診療所,,,福岡県飯塚市鯰田2517-201,,飯塚市,,,,33.652744,130.703267,,,0948-24-8680,,,,,,,,,,月火水木金土,09:00,17:00,水土:午後休診,,内科、小児科、胃腸科,0,,,,,,
402052,0000000136,福岡県飯塚市,（医）裕和会　おおやぶクリニック,ユウワカイオオヤブクリニック,,有床診療所,,,福岡県飯塚市川津208-2,,飯塚市,,,,33.65203,130.67997,,,0948-25-3331,,,,,,,,,,月火水木金土,09:00,17:00,土:午後休診,,泌尿器科、内科、性感染症内科,19,,,,,,
402052,0000000137,福岡県飯塚市,（医）夢結　らそうむ内科リハビリテーションクリニック,ユメムスビラソウムナイカリハビリテーションクリニック,,無床診療所,,,福岡県飯塚市鯰田2219番地20,,飯塚市,,,,33.658942,130.695183,,,0948-43-3151,,,,,,,,,,月火水木金土,08:30,17:00,水土:午後休診,,内科、漢方内科、リハビリテーション科、小児科,0,,,https://rasoumu-cl.com/,,,
402052,0000000138,福岡県飯塚市,養護老人ホーム愛生苑　医務室,ヨウゴロウジンホームアイセイエンイムシツ,,無床診療所,,,福岡県飯塚市口原1050番地1,,飯塚市,,,,33.68588,130.720718,,,0948-96-3000,,,,,,,,,,,,,,,内科,0,,,,,,
402052,0000000139,福岡県飯塚市,よしかわ整形外科,ヨシカワセイケイゲカ,,無床診療所,,,福岡県飯塚市柏の森1-1,,飯塚市,,,,33.645162,130.708938,,,0949-30-2009,,,,,,,,,,月火水木金土,09:00,17:30,水土:午後休診,,整形外科、リハビリテーション科,0,,,https://yoshikawa-seikei.jp/,,,
402052,0000000140,福岡県飯塚市,陸上自衛隊飯塚駐屯地医務室,リクジョウジエイタイイイヅカチュウトンチイムシツ,,無床診療所,,,福岡県飯塚市津島282,,飯塚市,,,,33.679482,130.676407,,,0948-22-7651,,,,,,,,,,,,,一般開放なし,,内科、外科、歯科,0,,,,,,
